date,actual,forecast,lower_80,upper_80,lower_95,upper_95
2025-05-19,3.544547050346658,0.24585993049622001,-5.501659278144999,5.9933791391374385,-8.544212160439784,9.035932021432224
2025-05-20,2.6008150317942125,0.10250408944389158,-5.65048578426835,5.855493963156134,-8.69593466171786,8.900942840605644
2025-05-21,1.8273212702963448,0.18605348596225668,-5.57144859814355,5.943555570068063,-8.619286095489766,8.991393067414279
2025-05-22,-4.011381988741469,0.29825089526105975,-5.463035645154155,6.0595374356762735,-8.512876512656106,9.109378303178225
2025-05-23,0.431752423473597,0.25742649422067665,-5.50524221412076,6.020095202562113,-8.555814757125669,9.070667745567023
2025-05-27,0.02344938843368282,0.1733659893630658,-5.591638683027315,5.938370661753447,-8.643447810703288,8.99017978942942
2025-05-28,-2.1057906488691103,0.1888496769611082,-5.576493661885959,5.954193015808174,-8.62848206875466,9.006181422676878
2025-05-29,-1.4688022757892938,0.24952350692475828,-5.517139653631092,6.016186667480608,-8.569826731908867,9.068873745758383
2025-05-30,0.5871327524205938,0.24804697381151283,-5.518668274007562,6.014762221630588,-8.57138292561691,9.067476873239936
2025-06-02,0.763425017589725,0.20573430140352264,-5.561672633650341,5.973141236457385,-8.614753442363902,9.026222045170947
2025-06-03,-0.6607407821432432,0.20029804035412388,-5.567109875782397,5.9677059564906445,-8.620191203849746,9.020787284557994
2025-06-04,-3.0858640549940475,0.22881877083721608,-5.538927474669887,5.996565016344318,-8.59218790348736,9.049825445161794
2025-06-05,2.7460237354805628,0.2369443735549049,-5.530806372037465,6.004695119147274,-8.584069183056181,9.057957930165992
2025-06-06,1.162804630037506,0.21840123165338532,-5.5495041404816,5.986306603788371,-8.602848805847533,9.039651269154302
2025-06-09,4.336763345103023,0.20993355099704475,-5.557983178539474,5.977850280533564,-8.611333856150603,9.031200958144693
2025-06-10,-1.4896132451266195,0.22150337268500672,-5.546479144944928,5.989485890314941,-8.599864648669024,9.042871394039038
2025-06-11,-2.750594810743401,0.22914362424581422,-5.538851681859625,5.997138930351253,-8.59224395539372,9.050531203885349
2025-06-12,0.37542573294633286,0.22228460577680706,-5.545736509314563,5.990305720868176,-8.599142445300524,9.043711656854137
2025-06-13,-0.6175152236682635,0.21593757710961745,-5.5520941413054175,5.983969295524652,-8.605505690351867,9.037380844571102
2025-06-16,-0.8330975014649411,0.2197263374819858,-5.5483145424380815,5.9877672174020535,-8.601730941292342,9.041183616256312
2025-06-17,0.31040657451448794,0.22470752442982658,-5.5433407587850745,5.992755807644727,-8.596761076706885,9.046176125566538
2025-06-18,-0.23255214154325188,0.22283994792085662,-5.545211171617547,5.990891067459261,-8.598632990998324,9.044312886840038
2025-06-20,-2.4290190608935447,0.21909953020079306,-5.548956188342436,5.987155248744023,-8.602380442289308,9.040579502690894
2025-06-23,3.822789349286637,0.21982389725004906,-5.54823252822011,5.987880322720208,-8.601657156391493,9.04130495089159
2025-06-24,1.1793831615682038,0.22252908841380442,-5.54552994837186,5.990588125199468,-8.59895595889017,9.044014135717777
2025-06-25,-0.3456425042102751,0.22243966140352447,-5.5456194886102494,5.990498811417298,-8.599045559067898,9.043924881874949
2025-06-26,0.07820941748981625,0.2205495145888327,-5.547511009729513,5.988610038907179,-8.600937807700058,9.042036836877722
2025-06-27,0.22271182043596127,0.2203229512172517,-5.547737576062703,5.988383478497207,-8.601164375601028,9.041810278035532
2025-06-30,-1.5398683667667612,0.22159948465879237,-5.546461717476988,5.989660686794573,-8.599888874262408,9.043087843579993
2025-07-01,2.960643566566823,0.22195154997179495,-5.546109659851745,5.990012759795335,-8.59953682070682,9.04343992065041
2025-07-02,0.6777617543303194,0.2211198199783196,-5.546941699486942,5.989181339443581,-8.600369024256441,9.04260866421308
2025-07-03,-1.4704380486476154,0.2207486130110727,-5.547312927706635,5.98881015372878,-8.6007402637265,9.042237489748647
2025-07-07,0.8566847105061726,0.22126887640165877,-5.546792796618227,5.989330549421545,-8.600220202674636,9.042757955477954
2025-07-08,2.111230437155953,0.22160580519568832,-5.546455892366616,5.989667502757992,-8.599883311414997,9.043094921806373
2025-07-09,4.1784823937254245,0.2212963611221805,-5.5467653886017825,5.989358110846144,-8.600192835262877,9.042785557507237
2025-07-10,1.327734098088662,0.22101539863806632,-5.547046371689892,5.989077168966024,-8.600473829258082,9.042504626534214
2025-07-11,-0.0931782743975873,0.2211871501927417,-5.546874638769895,5.989248939155377,-8.600302106202687,9.042676406588171
2025-07-14,0.2626861152496218,0.22140826740518832,-5.546653536056468,5.989470070866844,-8.600081011164578,9.042897545974954
2025-07-15,0.7612549350207942,0.2213228907127704,-5.54673891857153,5.98938469999707,-8.600166396761962,9.042812178187502
2025-07-16,0.4975817284158523,0.22115647406911662,-5.546905344273673,5.989218292411907,-8.600332827259379,9.042645775397613
2025-07-17,-1.0540823946890043,0.22119028757609416,-5.546871532241178,5.989252107393367,-8.600299016007428,9.042679591159617
2025-07-18,-0.09229574522322535,0.2213108875387517,-5.546750937445703,5.989372712523206,-8.600178423947295,9.042800199024796
2025-07-21,1.7754898295281762,0.22130584605283377,-5.546755979176874,5.989367671282542,-8.600183465808295,9.042795157913963
2025-07-22,-1.0182603360281206,0.221221420489639,-5.5468404074705315,5.98928324844981,-8.600267895547372,9.04271073652665
2025-07-23,-0.34855597179088704,0.2212120271318275,-5.546849800836665,5.989273855100321,-8.600277288917912,9.042701343181566
2025-07-24,-0.6471818520575212,0.2212691558566292,-5.546792673457803,5.989330985171062,-8.600220162251548,9.042758473964804
2025-07-25,0.2855314841401224,0.22128439434341013,-5.546777434983985,5.989346223670806,-8.60020492378459,9.04277371247141
2025-07-28,-0.0307244903309467,0.22124709290167688,-5.546814737045666,5.989308922849019,-8.600242226174451,9.042736411977806
2025-07-29,-0.08757928100227019,0.2212308271752353,-5.546831002811786,5.989292657162257,-8.600258491961577,9.042720146312048
2025-07-30,-1.7715336893633804,0.2212542183085354,-5.546807611944487,5.989316048561559,-8.600235101235091,9.042743537852163
2025-07-31,-2.1942293679030556,0.2212690727088511,-5.546792757591229,5.989330903008931,-8.60022024690674,9.042758392324444
2025-08-01,-0.6253489564596038,0.2212551151633152,-5.546806715242154,5.989316945568785,-8.600234204613459,9.042744434940088
2025-08-04,1.3855686752622276,0.2212426801088104,-5.546819150336676,5.989304510554296,-8.600246639729162,9.042731999946783
2025-08-05,0.7994045236264569,0.2212504633136093,-5.546811367169764,5.989312293796982,-8.600238856582308,9.042739783209527
2025-08-06,2.138736208614489,0.22126027743137652,-5.546801553080381,5.989322107943134,-8.60022904250795,9.042749597370703
2025-08-07,-0.7102528208616121,0.22125637696643638,-5.546805453557267,5.98931820749014,-8.600232942991159,9.042745696924033
2025-08-08,-0.1640647380595439,0.22124897373035457,-5.546812856811186,5.989310804271894,-8.600240346254521,9.04273829371523
2025-08-11,3.0607485853050065,0.22125054898352023,-5.546811281561092,5.9893123795281324,-8.600238771006055,9.042739868973094
2025-08-12,2.6718082607903426,0.22125592485546328,-5.5468059056993715,5.9893177554102985,-8.600233395149745,9.04274524486067
2025-08-13,-4.117006193089701,0.22125565297057556,-5.546806177584789,5.98931748352594,-8.600233667035441,9.04274497297659
2025-08-14,-0.8080806650923478,0.22125188241119714,-5.5468099481495905,5.989313712971985,-8.600237437603115,9.042741202425509
2025-08-15,0.01593919676636801,0.22125149530284963,-5.54681033525796,5.98931332586366,-8.600237824711495,9.042740815317195
2025-08-18,-3.9946717608113858,0.22125405169740564,-5.546807778866088,5.989315882260899,-8.600235268321043,9.042743371715854
2025-08-19,1.2502221667773483,0.22125471054155496,-5.546807120021961,5.98931654110507,-8.600234609476928,9.042744030560037
2025-08-20,-1.58384798002853,0.22125303785875092,-5.546808792706006,5.989314868423508,-8.60023628216163,9.042742357879133
2025-08-21,3.861502201889877,0.22125232545021933,-5.54680950511461,5.989314156015049,-8.600236994570274,9.042741645470713
2025-08-22,-1.3128547610623542,0.2212533769558855,-5.546808453609479,5.9893152075212495,-8.600235943065426,9.042742696977198
2025-08-25,-3.1660259718565342,0.22125403167611965,-5.546807798889335,5.9893158622415745,-8.60023528834533,9.042743351697569
2025-08-26,-0.4795535326666211,0.22125340225034704,-5.546808428315322,5.989315232816016,-8.600235917771428,9.0427427222721235
2025-08-27,1.1809559179043916,0.22125285199133576,-5.546808978574409,5.98931468255708,-8.600236468030557,9.042742172013229
2025-08-28,-3.799026473883238,0.22125320458522055,-5.546808625980602,5.989315035151043,-8.600236115436791,9.042742524607233
2025-08-29,0.4139942033525301,0.22125364011541357,-5.546808190450464,5.989315470681292,-8.600235679906683,9.042742960137511
2025-09-02,2.65535809912123,0.22125346203245788,-5.546808368533446,5.989315292598361,-8.600235857989677,9.042742782054592
2025-09-03,-0.930996506810544,0.2212531327305424,-5.546808697835395,5.989314963296479,-8.600236187291644,9.042742452752728
2025-09-04,-0.04586459653861396,0.2212532059809979,-5.546808624584947,5.989315036546942,-8.600236114041198,9.042742526003195
2025-09-05,-0.4141753243294133,0.22125344558994994,-5.546808384976013,5.989315276155913,-8.600235874432277,9.042742765612177
2025-09-08,1.2055597188018297,0.22125343136328468,-5.546808399202681,5.98931526192925,-8.600235888658945,9.042742751385516
2025-09-09,2.1590999533477984,0.2212532629830819,-5.546808567582895,5.989315093549058,-8.600236057039165,9.042742583005328
2025-09-10,1.355896588079197,0.2212532471425983,-5.546808583423378,5.989315077708575,-8.600236072879648,9.042742567164845
2025-09-11,0.4887034986492011,0.22125336152322855,-5.5468084690427535,5.98931519208921,-8.600235958499027,9.042742681545484
2025-09-12,-0.11865162897546357,0.22125338997531585,-5.546808440590666,5.989315220541298,-8.60023593004694,9.04274270999757
2025-09-15,0.7424489619223706,0.22125331497781822,-5.546808515588166,5.989315145543802,-8.60023600504444,9.042742635000078
2025-09-16,-0.2984440208877004,0.22125328379070394,-5.546808546775281,5.989315114356688,-8.600236036231555,9.042742603812963
2025-09-17,0.5424529720285065,0.22125333105195935,-5.546808499514026,5.989315161617944,-8.6002359889703,9.04274265107422
2025-09-18,-1.2262934066800568,0.22125335990137524,-5.54680847066461,5.9893151904673605,-8.600235960120886,9.042742679923636
2025-09-19,0.05344729789555913,0.22125333152281254,-5.546808499043173,5.989315162088799,-8.60023598849945,9.042742651545074
2025-09-22,-3.280090688786075,0.22125330717806266,-5.546808523387924,5.9893151377440486,-8.6002360128442,9.042742627200326
2025-09-23,1.1811711933823688,0.2212533231461797,-5.546808507419806,5.989315153712166,-8.600235996876084,9.042742643168442
2025-09-24,-3.8788697171465714,0.22125334247132714,-5.546808488094659,5.989315173037313,-8.600235977550936,9.04274266249359
2025-09-25,0.6049128271435222,0.22125333434547062,-5.546808496220516,5.989315164911456,-8.600235985676791,9.042742654367734
2025-09-26,-0.01470518187094427,0.22125331969962847,-5.546808510866358,5.989315150265615,-8.600236000322635,9.04274263972189
2025-09-29,3.921460802612309,0.22125332310005028,-5.5468085074659355,5.989315153666037,-8.600235996922212,9.042742643122313
2025-09-30,3.9469788561284247,0.2212533337785291,-5.546808496787457,5.989315164344515,-8.600235986243733,9.042742653800792
2025-10-01,1.6394043414484472,0.22125333305021563,-5.54680849751577,5.989315163616202,-8.600235986972047,9.042742653072478
2025-10-02,1.39714296687643,0.22125332553174126,-5.546808505034245,5.989315156097727,-8.600235994490522,9.042742645554004
2025-10-03,0.114520594845402,0.22125332488899327,-5.546808505676993,5.989315155454979,-8.60023599513327,9.042742644911256
2025-10-06,-0.8731644910749736,0.221253330006148,-5.546808500559838,5.989315160572134,-8.600235990016115,9.04274265002841
2025-10-07,1.5930077014997934,0.2212533312333078,-5.546808499332679,5.9893151617992935,-8.600235988788954,9.04274265125557
2025-10-08,-1.3292898647915052,0.22125332787109164,-5.546808502694894,5.989315158437078,-8.600235992151172,9.042742647893354
2025-10-09,-7.446493028651879,0.2212533265064981,-5.546808504059488,5.989315157072484,-8.600235993515765,9.04274264652876
2025-10-10,-1.9767331493902416,0.2212533286303932,-5.546808501935593,5.989315159196379,-8.60023599139187,9.042742648652656
2025-10-14,0.03179990225063989,0.22125332990124746,-5.5468085006647385,5.989315160467234,-8.600235990121016,9.04274264992351
2025-10-15,-2.380107578420443,0.22125332862201808,-5.546808501943968,5.9893151591880045,-8.600235991400245,9.04274264864428
2025-10-16,-1.6162557131226052,0.22125332754515453,-5.546808503020832,5.989315158111141,-8.600235992477108,9.042742647567417
2025-10-17,0.6979036032463526,0.22125332826808933,-5.546808502297897,5.989315158834075,-8.600235991754174,9.042742648290352
2025-10-20,1.0700604832599936,0.22125332912545115,-5.546808501440535,5.989315159691437,-8.600235990896811,9.042742649147714
2025-10-21,-0.718962384655697,0.2212533287548832,-5.546808501811103,5.989315159320869,-8.600235991267379,9.042742648777146
2025-10-22,2.3244286203967235,0.22125332810358264,-5.546808502462404,5.9893151586695685,-8.60023599191868,9.042742648125845
2025-10-23,0.8375050806735729,0.2212533282611888,-5.546808502304797,5.989315158827175,-8.600235991761075,9.04274264828345
2025-10-24,0.5604474745181776,0.2212533287370363,-5.5468085018289495,5.989315159303023,-8.600235991285226,9.0427426487593
2025-10-27,1.1048103194561063,0.22125332870036504,-5.5468085018656215,5.989315159266351,-8.600235991321897,9.042742648722628
2025-10-28,-2.578984273965368,0.22125332836468783,-5.546808502201298,5.989315158930674,-8.600235991657575,9.04274264838695
2025-10-29,-1.5791731964041489,0.2212533283388727,-5.546808502227114,5.9893151589048585,-8.60023599168339,9.042742648361136
2025-10-30,1.1448488684925096,0.22125332856777824,-5.546808501998208,5.989315159133764,-8.600235991454484,9.04274264859004
2025-10-31,0.45260822434816106,0.22125332862063551,-5.546808501945351,5.989315159186622,-8.600235991401627,9.042742648642898
2025-11-03,-8.121029688059167,0.22125332846992254,-5.546808502096064,5.989315159035908,-8.60023599155234,9.042742648492185
2025-11-04,-1.166052069991963,0.2212533284102459,-5.5468085021557405,5.989315158976232,-8.600235991612017,9.042742648432508
2025-11-05,3.121660926911929,0.2212533285056783,-5.5468085020603075,5.989315159071665,-8.600235991516584,9.042742648527941
2025-11-06,-1.9755382780550337,0.22125332856164484,-5.546808502004342,5.989315159127631,-8.600235991460618,9.042742648583907
2025-11-07,1.4038496481008522,0.22125332850399207,-5.546808502061994,5.989315159069978,-8.60023599151827,9.042742648526255
2025-11-10,3.052461708111487,0.22125332845636744,-5.546808502109618,5.989315159022354,-8.600235991565896,9.04274264847863
2025-11-12,-3.967100727341233,0.22125332848908755,-5.546808502076899,5.9893151590550735,-8.600235991533175,9.04274264851135
2025-11-13,-3.0263920953016665,0.22125332852711888,-5.546808502038867,5.989315159093105,-8.600235991495143,9.042742648549382
2025-11-14,-4.209615219002494,0.22125332851022889,-5.546808502055757,5.989315159076215,-8.600235991512033,9.042742648532492
2025-11-17,-3.185882763094483,0.2212533284812691,-5.546808502084717,5.989315159047255,-8.600235991540993,9.042742648503532
2025-11-18,0.3573244671432718,0.22125332848856338,-5.546808502077423,5.9893151590545495,-8.6002359915337,9.042742648510826
2025-11-19,-0.4357825969204754,0.22125332850976542,-5.546808502056221,5.989315159075751,-8.600235991512497,9.042742648532029
2025-11-20,-5.10694176538351,0.2212533285079429,-5.5468085020580435,5.989315159073929,-8.60023599151432,9.042742648530206
2025-11-21,-2.7762768908692337,0.22125332849295754,-5.546808502073029,5.989315159058943,-8.600235991529305,9.04274264851522
2025-11-24,3.652014642738166,0.22125332849193372,-5.546808502074052,5.98931515905792,-8.60023599153033,9.042742648514196
2025-11-25,-0.7014681517576449,0.22125332850217222,-5.546808502063814,5.989315159068158,-8.60023599152009,9.042742648524435
2025-11-26,3.6738735040474424,0.22125332850444565,-5.54680850206154,5.989315159070432,-8.600235991517817,9.042742648526708
2025-11-28,0.3131279743389115,0.2212533284976907,-5.546808502068296,5.989315159063676,-8.600235991524572,9.042742648519953
2025-12-01,-4.8351604427978145,0.2212533284950823,-5.5468085020709035,5.989315159061069,-8.60023599152718,9.042742648517345
2025-12-02,5.507085689560753,0.22125332849936974,-5.546808502066616,5.989315159065356,-8.600235991522894,9.042742648521632
2025-12-03,1.7514587369328538,0.22125332850183368,-5.546808502064152,5.98931515906782,-8.600235991520428,9.042742648524097
2025-12-04,-0.8589871200001653,0.22125332849923587,-5.54680850206675,5.989315159065222,-8.600235991523027,9.042742648521498
2025-12-05,-3.3091868077248066,0.22125332849713006,-5.546808502068856,5.989315159063116,-8.600235991525132,9.042742648519393
2025-12-08,1.1032607283334883,0.22125332849861054,-5.546808502067376,5.9893151590645965,-8.600235991523652,9.042742648520873
2025-12-09,2.0870291479504033,0.22125332850029733,-5.546808502065689,5.989315159066283,-8.600235991521965,9.04274264852256
2025-12-10,-1.1432836543823657,0.2212533284995279,-5.546808502066458,5.989315159065514,-8.600235991522736,9.04274264852179
2025-12-11,0.6444676561301321,0.22125332849824036,-5.546808502067746,5.989315159064226,-8.600235991524022,9.042742648520504
2025-12-12,-1.5753401573567416,0.2212533284985775,-5.5468085020674085,5.989315159064564,-8.600235991523686,9.04274264852084
2025-12-15,-4.992528520937967,0.2212533284995221,-5.546808502066464,5.989315159065508,-8.60023599152274,9.042742648521784
2025-12-16,1.901378209412208,0.22125332849943247,-5.546808502066554,5.989315159065418,-8.60023599152283,9.042742648521696
2025-12-17,-1.7684357851466714,0.22125332849876356,-5.546808502067223,5.989315159064749,-8.6002359915235,9.042742648521026
2025-12-18,-0.8308345139871776,0.2212533284987236,-5.546808502067263,5.989315159064709,-8.600235991523538,9.042742648520987
2025-12-19,3.073282774229469,0.2212533284991815,-5.5468085020668045,5.989315159065168,-8.600235991523082,9.042742648521443
2025-12-22,0.9294510023687864,0.22125332849927912,-5.546808502066707,5.989315159065265,-8.600235991522984,9.042742648521541
2025-12-23,-1.4093198220191283,0.2212533284989764,-5.54680850206701,5.9893151590649625,-8.600235991523286,9.042742648521239
2025-12-24,-0.089931668733633785,0.22125332849886245,-5.546808502067123,5.989315159064849,-8.6002359915234,9.042742648521125
2025-12-26,-0.2692844996952104,0.22125332849905505,-5.546808502066931,5.9893151590650415,-8.600235991523208,9.042742648521317
2025-12-29,-0.2586043970145724,0.2212533284991635,-5.546808502066822,5.98931515906515,-8.6002359915231,9.042742648521426
2025-12-30,1.2897084042208462,0.22125332849904644,-5.5468085020669395,5.989315159065033,-8.600235991523217,9.042742648521308
2025-12-31,-0.55635405614467,0.22125332849895335,-5.546808502067033,5.989315159064939,-8.60023599152331,9.042742648521216
2026-01-02,2.7177163764767087,0.22125332849902032,-5.546808502066966,5.989315159065006,-8.600235991523242,9.042742648521283
2026-01-05,4.109109446583048,0.22125332849909513,-5.546808502066891,5.9893151590650815,-8.600235991523167,9.042742648521358
2026-01-06,-1.1999784199169028,0.2212533284990601,-5.546808502066926,5.989315159065046,-8.600235991523203,9.042742648521322
2026-01-07,-1.5140888551485432,0.22125332849900287,-5.546808502066983,5.989315159064989,-8.60023599152326,9.042742648521266
2026-01-08,-0.14389094414219983,0.22125332849901844,-5.546808502066968,5.989315159065004,-8.600235991523244,9.042742648521282
2026-01-09,-0.8480231650004555,0.22125332849906051,-5.546808502066925,5.989315159065047,-8.600235991523203,9.042742648521322
2026-01-12,0.9000116261576707,0.22125332849905613,-5.54680850206693,5.989315159065042,-8.600235991523206,9.042742648521319
2026-01-13,4.213350979803643,0.2212533284990263,-5.54680850206696,5.989315159065012,-8.600235991523236,9.042742648521289
2026-01-14,1.6975077113333017,0.22125332849902474,-5.546808502066962,5.98931515906501,-8.600235991523238,9.042742648521287
2026-01-15,-1.3334577222485322,0.22125332849904522,-5.546808502066941,5.989315159065031,-8.600235991523217,9.042742648521308
2026-01-16,-0.10702597759699728,0.2212533284990494,-5.546808502066937,5.989315159065035,-8.600235991523213,9.042742648521312
2026-01-20,-7.109627010673414,0.22125332849903584,-5.54680850206695,5.989315159065022,-8.600235991523228,9.042742648521298
2026-01-21,1.1411203424476213,0.22125332849903087,-5.5468085020669555,5.989315159065017,-8.600235991523231,9.042742648521294
2026-01-22,-0.46154408162486504,0.22125332849903953,-5.546808502066947,5.9893151590650255,-8.600235991523222,9.042742648521303
2026-01-23,-0.17479066246899322,0.2212533284990443,-5.546808502066942,5.98931515906503,-8.600235991523219,9.042742648521306
2026-01-26,-1.3853662591927218,0.22125332849903903,-5.546808502066947,5.9893151590650255,-8.600235991523224,9.042742648521301
2026-01-27,1.3070171894433713,0.2212533284990349,-5.546808502066951,5.989315159065021,-8.600235991523228,9.042742648521298
2026-01-28,-0.3725350146051909,0.22125332849903795,-5.546808502066948,5.989315159065024,-8.600235991523224,9.042742648521301
2026-01-29,-5.808191055267642,0.22125332849904125,-5.546808502066945,5.989315159065027,-8.60023599152322,9.042742648521305
2026-01-30,0.05009230737638148,0.22125332849903967,-5.546808502066947,5.9893151590650255,-8.600235991523222,9.042742648521303
2026-02-02,-6.198559530022507,0.22125332849903712,-5.546808502066949,5.989315159065023,-8.600235991523226,9.0427426485213
2026-02-03,-3.3808615498630346,0.22125332849903784,-5.546808502066948,5.989315159065024,-8.600235991523224,9.042742648521301
2026-02-04,-4.6401589625977735,0.2212533284990397,-5.546808502066947,5.9893151590650255,-8.600235991523222,9.042742648521303
2026-02-05,-13.198077893552629,0.2212533284990395,-5.546808502066947,5.9893151590650255,-8.600235991523222,9.042742648521303
2026-02-06,9.110962081360796,0.22125332849903817,-5.5468085020669475,5.989315159065025,-8.600235991523224,9.042742648521301
2026-02-09,0.07232549645994624,0.22125332849903812,-5.546808502066948,5.989315159065024,-8.600235991523224,9.042742648521301
2026-02-10,-1.103126142782429,0.22125332849903903,-5.546808502066947,5.9893151590650255,-8.600235991523224,9.042742648521301
2026-02-11,-2.5457026525431914,0.2212533284990392,-5.546808502066947,5.9893151590650255,-8.600235991523224,9.042742648521301
2026-02-12,-2.2133471798674975,0.2212533284990386,-5.5468085020669475,5.989315159065025,-8.600235991523224,9.042742648521301
2026-02-13,4.398934418312628,0.22125332849903837,-5.5468085020669475,5.989315159065025,-8.600235991523224,9.042742648521301
2026-02-17,-2.6129420606990195,0.22125332849903875,-5.5468085020669475,5.989315159065025,-8.600235991523224,9.042742648521301
2026-02-18,-0.984134065238962,0.22125332849903898,-5.5468085020669475,5.989315159065025,-8.600235991523224,9.042742648521301
2026-02-19,1.018239772129803,0.22125332849903873,-5.5468085020669475,5.989315159065025,-8.600235991523224,9.042742648521301
2026-02-20,0.9933937163372876,0.22125332849903856,-5.5468085020669475,5.989315159065025,-8.600235991523224,9.042742648521301
2026-02-23,-4.737893315652464,0.2212533284990387,-5.5468085020669475,5.989315159065025,-8.600235991523224,9.042742648521301
2026-02-24,-0.7036624040154038,0.22125332849903884,-5.5468085020669475,5.989315159065025,-8.600235991523224,9.042742648521301
2026-02-25,6.267402379372733,0.22125332849903875,-5.5468085020669475,5.989315159065025,-8.600235991523224,9.042742648521301
2026-02-26,-2.0358424692442867,0.22125332849903864,-5.5468085020669475,5.989315159065025,-8.600235991523224,9.042742648521301
2026-02-27,-1.68229736367298,0.2212533284990387,-5.5468085020669475,5.989315159065025,-8.600235991523224,9.042742648521301
2026-03-02,4.54548127643708,0.22125332849903878,-5.5468085020669475,5.989315159065025,-8.600235991523224,9.042742648521301
2026-03-03,-1.1572725518705695,0.22125332849903875,-5.5468085020669475,5.989315159065025,-8.600235991523224,9.042742648521301
2026-03-04,6.461633299347191,0.2212533284990387,-5.5468085020669475,5.989315159065025,-8.600235991523224,9.042742648521301
2026-03-05,-2.534252035444773,0.2212533284990387,-5.5468085020669475,5.989315159065025,-8.600235991523224,9.042742648521301
2026-03-06,-3.741121587805374,0.22125332849903873,-5.5468085020669475,5.989315159065025,-8.600235991523224,9.042742648521301
2026-03-09,0.19080541464564504,0.22125332849903875,-5.5468085020669475,5.989315159065025,-8.600235991523224,9.042742648521301
2026-03-10,1.9771119351725377,0.22125332849903873,-5.5468085020669475,5.989315159065025,-8.600235991523224,9.042742648521301
2026-03-11,0.5180269257872183,0.2212533284990387,-5.5468085020669475,5.989315159065025,-8.600235991523224,9.042742648521301
2026-03-12,0.4119363437343537,0.22125332849903873,-5.5468085020669475,5.989315159065025,-8.600235991523224,9.042742648521301
2026-03-13,0.4786221494452292,0.22125332849903873,-5.5468085020669475,5.989315159065025,-8.600235991523224,9.042742648521301
2026-03-16,5.38568623788791,0.22125332849903873,-5.5468085020669475,5.989315159065025,-8.600235991523224,9.042742648521301
2026-03-17,-1.2290411712255531,0.22125332849903873,-5.5468085020669475,5.989315159065025,-8.600235991523224,9.042742648521301
2026-03-18,-3.641070305116756,0.22125332849903873,-5.5468085020669475,5.989315159065025,-8.600235991523224,9.042742648521301
2026-03-19,-1.9084129267652017,0.22125332849903873,-5.5468085020669475,5.989315159065025,-8.600235991523224,9.042742648521301
2026-03-20,0.9999233006739772,0.22125332849903873,-5.5468085020669475,5.989315159065025,-8.600235991523224,9.042742648521301
2026-03-23,0.4877613979264339,0.22125332849903873,-5.5468085020669475,5.989315159065025,-8.600235991523224,9.042742648521301
2026-03-24,-0.49562724317606666,0.22125332849903873,-5.5468085020669475,5.989315159065025,-8.600235991523224,9.042742648521301
2026-03-25,1.018276761590009,0.22125332849903873,-5.5468085020669475,5.989315159065025,-8.600235991523224,9.042742648521301
2026-03-26,-3.592737602681595,0.22125332849903873,-5.5468085020669475,5.989315159065025,-8.600235991523224,9.042742648521301
2026-03-27,-3.510743136772909,0.22125332849903873,-5.5468085020669475,5.989315159065025,-8.600235991523224,9.042742648521301
2026-03-30,0.4414850995392072,0.22125332849903873,-5.5468085020669475,5.989315159065025,-8.600235991523224,9.042742648521301
2026-03-31,2.1514172294201828,0.22125332849903873,-5.5468085020669475,5.989315159065025,-8.600235991523224,9.042742648521301
2026-04-01,-0.04890093738119105,0.22125332849903873,-5.5468085020669475,5.989315159065025,-8.600235991523224,9.042742648521301
2026-04-02,-1.6891481058674884,0.22125332849903873,-5.5468085020669475,5.989315159065025,-8.600235991523224,9.042742648521301
2026-04-06,2.8692387456770163,0.22125332849903873,-5.5468085020669475,5.989315159065025,-8.600235991523224,9.042742648521301
2026-04-07,4.209965136570304,0.22125332849903873,-5.5468085020669475,5.989315159065025,-8.600235991523224,9.042742648521301
2026-04-08,-1.1982393521488888,0.22125332849903873,-5.5468085020669475,5.989315159065025,-8.600235991523224,9.042742648521301
2026-04-09,1.096186573615654,0.22125332849903873,-5.5468085020669475,5.989315159065025,-8.600235991523224,9.042742648521301
2026-04-10,1.5294002171321708,0.22125332849903873,-5.5468085020669475,5.989315159065025,-8.600235991523224,9.042742648521301
2026-04-13,2.1706789371542357,0.22125332849903873,-5.5468085020669475,5.989315159065025,-8.600235991523224,9.042742648521301
2026-04-14,-0.15996928949775224,0.22125332849903873,-5.5468085020669475,5.989315159065025,-8.600235991523224,9.042742648521301
2026-04-15,0.4547089294662854,0.22125332849903873,-5.5468085020669475,5.989315159065025,-8.600235991523224,9.042742648521301
2026-04-16,0.533468990895436,0.22125332849903873,-5.5468085020669475,5.989315159065025,-8.600235991523224,9.042742648521301
2026-04-17,0.8114770124569404,0.22125332849903873,-5.5468085020669475,5.989315159065025,-8.600235991523224,9.042742648521301
2026-04-20,0.1554705102634557,0.22125332849903873,-5.5468085020669475,5.989315159065025,-8.600235991523224,9.042742648521301
2026-04-21,0.7608744065160877,0.22125332849903873,-5.5468085020669475,5.989315159065025,-8.600235991523224,9.042742648521301
2026-04-22,2.560469403714194,0.22125332849903873,-5.5468085020669475,5.989315159065025,-8.600235991523224,9.042742648521301
2026-04-23,-0.1726512251496004,0.22125332849903873,-5.5468085020669475,5.989315159065025,-8.600235991523224,9.042742648521301
2026-04-24,-1.015704198021261,0.22125332849903873,-5.5468085020669475,5.989315159065025,-8.600235991523224,9.042742648521301
2026-04-27,-0.24231163136825273,0.22125332849903873,-5.5468085020669475,5.989315159065025,-8.600235991523224,9.042742648521301
2026-04-28,-1.2240849228309258,0.22125332849903873,-5.5468085020669475,5.989315159065025,-8.600235991523224,9.042742648521301
2026-04-29,-0.7460647991571534,0.22125332849903873,-5.5468085020669475,5.989315159065025,-8.600235991523224,9.042742648521301
2026-04-30,0.8508918595019566,0.22125332849903873,-5.5468085020669475,5.989315159065025,-8.600235991523224,9.042742648521301
2026-05-01,2.382472768944943,0.22125332849903873,-5.5468085020669475,5.989315159065025,-8.600235991523224,9.042742648521301
2026-05-04,2.0745526217798016,0.22125332849903873,-5.5468085020669475,5.989315159065025,-8.600235991523224,9.042742648521301
2026-05-05,1.3694398920286233,0.22125332849903873,-5.5468085020669475,5.989315159065025,-8.600235991523224,9.042742648521301
2026-05-06,0.5516775130555374,0.22125332849903873,-5.5468085020669475,5.989315159065025,-8.600235991523224,9.042742648521301
2026-05-07,-1.769829715199478,0.22125332849903873,-5.5468085020669475,5.989315159065025,-8.600235991523224,9.042742648521301
2026-05-08,0.1286787041294701,0.22125332849903873,-5.5468085020669475,5.989315159065025,-8.600235991523224,9.042742648521301
2026-05-11,1.9569882931870453,0.22125332849903873,-5.5468085020669475,5.989315159065025,-8.600235991523224,9.042742648521301
2026-05-12,-1.6275264884860974,0.22125332849903873,-5.5468085020669475,5.989315159065025,-8.600235991523224,9.042742648521301
2026-05-13,-1.305686616198365,0.22125332849903873,-5.5468085020669475,5.989315159065025,-8.600235991523224,9.042742648521301
2026-05-14,-0.28924908257010884,0.22125332849903873,-5.5468085020669475,5.989315159065025,-8.600235991523224,9.042742648521301
2026-05-15,-0.14715965479670243,0.22125332849903873,-5.5468085020669475,5.989315159065025,-8.600235991523224,9.042742648521301
2026-05-18,-2.659324208036651,0.22125332849903873,-5.5468085020669475,5.989315159065025,-8.600235991523224,9.042742648521301
2026-05-19,-0.19890561028983456,0.22125332849903873,-5.5468085020669475,5.989315159065025,-8.600235991523224,9.042742648521301
2026-05-20,0.901377149190452,0.22125332849903873,-5.5468085020669475,5.989315159065025,-8.600235991523224,9.042742648521301
2026-05-21,-0.05621325351885531,0.22125332849903873,-5.5468085020669475,5.989315159065025,-8.600235991523224,9.042742648521301
